"Source:","C:\Users\lafky\Desktop\pentester\RFLeo Design\KiCad\mega_nrf24_usb.sch"
"Date:","4/16/2021 1:07:22 PM"
"Tool:","Eeschema (5.1.9)-1"
"Generator:","C:\Program Files\KiCad\bin\scripting\plugins/bom_csv_grouped_by_value.py"
"Component Count:","12"

"Individual Components:"

"Item","Qty","Reference(s)","Value","LibPart","Footprint","Datasheet","Allow alternates","Populate"
"","","C1","10uf","Device:C","Capacitor_SMD:C_0603_1608Metric","","Y","~"
"","","C2","1uF","Device:C","Capacitor_SMD:C_0603_1608Metric_Pad1.05x0.95mm_HandSolder","","Y","~"
"","","C3","1uF","Device:C","Capacitor_SMD:C_0603_1608Metric_Pad1.05x0.95mm_HandSolder","","Y","~"
"","","D3","511-ESDAVLC6-2BLY","Device:D_TVS_x2_AAC","Package_TO_SOT_SMD:SOT-23","~","With approval","~"
"","","ICSP1","6p-2.54","Connector_Generic:Conn_02x03_Odd_Even","Connector_PinHeader_2.54mm:PinHeader_2x03_P2.54mm_Vertical_SMD","","~","DNP"
"","","J1","4p-2.54","Connector_Generic:Conn_02x04_Odd_Even","Connector_PinSocket_2.54mm:PinSocket_2x04_P2.54mm_Vertical_SMD","","Y","~"
"","","J2","USB_A AM90","Connector:USB_A","ffldU:AM90"," ~","Y ","~"
"","","R1","22R","Device:R_US","Resistor_SMD:R_0603_1608Metric","~","Y","~"
"","","R2","22R","Device:R_US","Resistor_SMD:R_0603_1608Metric","~","Y","~"
"","","U1","ATMEGA32U4MU","MCU_Microchip_ATmega:ATmega32U4-AU","Package_DFN_QFN:QFN-44-1EP_7x7mm_P0.5mm_EP5.15x5.15mm","","With approval","~"
"","","U2","3.3v Linear Reg","Regulator_Linear:AP2127N3-1.5","Package_TO_SOT_SMD:TSOT-23","","Y","~"
"","","Y1"," XXDBBCNAOF-16","Device:Crystal_GND24","Crystal:Crystal_SMD_3225-4Pin_3.2x2.5mm","~","With Approval","~"



"Collated Components:"

"Item","Qty","Reference(s)","Value","LibPart","Footprint","Datasheet","Allow alternates","Populate"
"1","1","C1","10uf","Device:C","Capacitor_SMD:C_0603_1608Metric","","Y","~"
"2","2","C2, C3","1uF","Device:C","Capacitor_SMD:C_0603_1608Metric_Pad1.05x0.95mm_HandSolder","","Y","~"
"3","1","D3","511-ESDAVLC6-2BLY","Device:D_TVS_x2_AAC","Package_TO_SOT_SMD:SOT-23","~","With approval","~"
"4","1","ICSP1","6p-2.54","Connector_Generic:Conn_02x03_Odd_Even","Connector_PinHeader_2.54mm:PinHeader_2x03_P2.54mm_Vertical_SMD","","~","DNP"
"5","1","J1","4p-2.54","Connector_Generic:Conn_02x04_Odd_Even","Connector_PinSocket_2.54mm:PinSocket_2x04_P2.54mm_Vertical_SMD","","Y","~"
"6","1","J2","USB_A AM90","Connector:USB_A","ffldU:AM90"," ~","Y ","~"
"7","2","R1, R2","22R","Device:R_US","Resistor_SMD:R_0603_1608Metric","~","Y","~"
"8","1","U1","ATMEGA32U4MU","MCU_Microchip_ATmega:ATmega32U4-AU","Package_DFN_QFN:QFN-44-1EP_7x7mm_P0.5mm_EP5.15x5.15mm","","With approval","~"
"9","1","U2","3.3v Linear Reg","Regulator_Linear:AP2127N3-1.5","Package_TO_SOT_SMD:TSOT-23","","Y","~"
"10","1","Y1"," XXDBBCNAOF-16","Device:Crystal_GND24","Crystal:Crystal_SMD_3225-4Pin_3.2x2.5mm","~","With Approval","~"
